::
:: Country:  Lithuania
::
:: Language: Lithuanian
::
:: Author:   Donatas Glodenis <dgvirtual@akl.lt>
::
:: Updated:  2005-07-12
::
:: Source:   Based on the Work Code of the Republic of Lithuania, article no. 162.
::           List accessible at http://lt.wikipedia.org/wiki/Lietuvos_%C5%A1vent%C4%97s
::

:: Public Holidays
"Naujieji metai"                                            weekend on january 1
"Lietuvos valstybės atkūrimo diena"                         weekend on february 16
"Lietuvos nepriklausomybės atkūrimo diena"                  weekend on march 11
"Velykos"                                                   weekend on easter length 2 days
"Tarptautinė darbo diena"                                   weekend on may 1
"Motinos diena"                                             weekend on first sunday in may
"Rasos (Joninės)"                                           weekend on june 24
"Valstybės (Lietuvos karaliaus Mindaugo karūnavimo) diena"  weekend on july 6
"Žolinė (Švč. Mergelės Marijos ėmimo į dangų diena)"        weekend on august 15
"Visų Šventųjų diena"                                       weekend on november 1
"Kalėdos"                                                   weekend on december 25 length 2 days

:: Religious
"Trys karaliai"                                             on january 6
"Pelenų diena"                                              on easter minus 46 days
"Verbų sekmadienis"                                         on easter minus 7 days
"Didysis penktadienis"                                      on easter minus 2 days
"Sekminės"                                                  on easter plus 49 days
"Kūčios"                                                    on december 24
:"Gavėnia"                                                  on easter minus 45 days length 44 days
:"Adventas"                                                 on november 28 length 27 days

:: Financial

:: Cultural
"Šv. Valentino diena"                                       on february 14
"Užgavėnės"                                                 on easter minus 47 days
"Melagio diena"                                             on april 1

:: School

:: Daylight Saving

:: Seasons

:: Name Days



