::
:: Country:  Mexico
::
:: Language: Spanish
::
:: Author:   Ed Scott <edscott@imp.mx>
::
:: Updated:
::
:: Source:
::

:: Public Holidays
"Año Nuevo"                         weekend on january 1
"Día de la Constitución"            weekend on february 5
"Día del trabajo"                   weekend on may 1
"Día de la Independencia"           weekend on september 16
"Natalicio de Benito Juárez"        weekend on march 21
"Navidad"                           weekend on december 25
"Día de la Revolución"              weekend on november 20

:: Religious
"Día de los Reyes"                  on january 6
"Domingo de Pascua"                 on easter
"Sábado de Gloria"                  on easter minus 1
"Viérnes Santo"                     on easter minus 2
"Jueves Santo"                      on easter minus 3
"Día de Todos los Santos"           on november 1
"Día de los Fieles Difuntos"        on november 2
"Día de Vírgen de Guadalupe"        on december 12

:: Financial

:: Cultural

:: School

:: Daylight Saving

:: Seasons
"Equinoxio de primavera"            on march 21
"Solsticio de verano"               on june 21
"Equinoxio de otoño"                on september 21
"Solsticio de invierno"             on december 21

:: Name Days


:: To be sorted
"Día de la expropiación petrolera"  on march 18
"Batalla de Puebla"                 on may 5
"Día de la Madre"                   on may 10
"Día de la Raza"                    on october 12
"Día de los Santos Inocentes"       on december 28
