::
:: Country:  Italy
::
:: Language: Italian
::
:: Author:   Riccardo Scateni <riccardo@crs4.it>
::           Italian l10n team <kde-i18n-it@kde.org>
::
:: Updated:
::
:: Source:
::

:: Public Holidays
"Capodanno"                       weekend on january 1
"Epifania"                        weekend on january 6
"Pasqua"                          weekend on easter
"Lunedì dell'Angelo"              weekend on easter plus 1 day
"Anniversario della Liberazione"  weekend on april 25
"Festa del Lavoro"                weekend on may 1
"Festa della Repubblica"          weekend on june 2
"Ferragosto"                      weekend on august 15
"Ognissanti"                      weekend on november 1
"Immacolata Concezione"           weekend on december 8
"Natale"                          weekend on december 25
"Santo Stefano"                   weekend on december 26

:: Religious
"San Giuseppe"                    on march 19
"Giovedì Grasso"                  on easter minus 52 days
"Martedì Grasso"                  on easter minus 47 days
"Mercoledì delle Ceneri"          on easter minus 46 days
"Prima di Quaresima"              on easter minus 42 days
"Seconda di Quaresima"            on easter minus 35 days
"Terza di Quaresima"              on easter minus 28 days
"Quarta di Quaresima"             on easter minus 21 days
"Quinta di Quaresima"             on easter minus 14 days
"Domenica delle Palme"            on easter minus 7 days
"Ascensione"                      on easter plus 39 days
"Pentecoste"                      on easter plus 49 days
"Santissima Trinità"              on easter plus 56 days
"Corpus Domini"                   on easter plus 63 days
"Sacro Cuore di Gesù"             on easter plus 68 days
"Santi Pietro e Paolo"            on june 29
"San Francesco"                   on october 4
"Defunti"                         on november 2
"Prima d'avvento"                 on sunday before 24 december minus 21 days
"Seconda d'avvento"               on sunday before 24 december minus 14 days
"Terza d'avvento"                 on sunday before 24 december minus 7 days
"Quarta d'avvento"                on sunday before 24 december
"San Silvestro"                   on december 31

:: Financial

:: Cultural
"Giornata della Memoria"          on january 27
"Giornata del Ricordo"            on february 10
"Festa della donna"               on march 8
"Festa dell'Unità nazionale"      on november 4

:: School

:: Daylight Saving
"Passaggio all'ora legale"        on last sunday in march
"Passaggio all'ora solare"        on last sunday in october

:: Seasons

:: Name Days
