::
:: Country:  Namibia
::
:: Language: UK English
::
:: Author:   John Irish
::
:: Updated:
::
:: Source:
::

:: Public Holidays
"New Year's Day"                  on january 1 shift to monday if sunday
"Independence Day"                on march 21 shift to monday if sunday
"Good Friday"                     on easter minus 2 day
"Easter Monday"                   on easter plus 1 day
"Ascension Day"                   on easter plus 39 days
"Workers Day"                     on may 1 shift to monday if sunday
"Cassinga Day"                    on may 4 shift to monday if sunday
"Africa Day"                      on may 25 shift to monday if sunday
"Heroes Day"                      on august 26 shift to monday if sunday
"International Human Rights Day"  on december 10 shift to monday if sunday
"Christmas Day"                   on december 25 shift to monday if sunday
"Family Day"                      on december 26 shift to monday if sunday

:: Religious Holidays

:: Financial

:: Cultural

:: School

:: Daylight Saving

:: Seasons

:: Name Days


