:
: Holiday file for Norway, written in Norwegian Bokmål.
: Original version by geiri@stud.cs.uit.no.
: Corrected, reorganized and expanded version by
: Karl Ove Hufthammer <karl@huftis.org>.
:
: Offisielle helligdager 
weekend "Nyttårsdag" weekend on 1.1
weekend "Palmesøndag" weekend on easter minus 7
weekend "Skjærtorsdag" weekend on easter minus 3
weekend "Langfredag" weekend on easter minus 2
weekend "Første påskedag" weekend on easter
weekend "Andre påskedag" weekend on easter plus 1
weekend "Arbeidernes internasjonale kampdag" weekend on 1.5
weekend "Grunnlovsdagen" weekend on 17.5
weekend "Kristi himmelfartsdag" weekend on easter plus 39 days
weekend "Første pinsedag" weekend on easter plus 49 days
weekend "Andre pinsedag" weekend on easter plus 50 days
weekend "Første juledag" weekend on 25.12
weekend "Andre juledag" weekend on 26.12

: Påske og pinse
"Fastelavnssøndag" on easter minus 49
"Fetetirsdag" on easter minus 47
"Askeonsdag" on easter minus 46
"Påskeaften" on easter minus 1
"Pinseaften" on easter plus 48 days
"Bots- og bededag" on last sunday in october

: Sommer- og vintertid
"Sommertid starter" on last sunday in march
"Vintertid starter" on last sunday in october

: Mors- og farsdag
"Morsdag" on second sunday in february
"Farsdag" on second sunday in november

: Jul
"Første søndag i advent" on sunday before 24.12 minus 21 days
"Andre søndag i advent" on sunday before 24.12 minus 14 days
"Tredje søndag i advent" on sunday before 24.12 minus 7 days
"Fjerde søndag i advent" on sunday before 24.12
"Luciadagen" on 13.12
"Lille julaften" on 23.12
"Julaften" on 24.12

: Nyttår
"Nyttårsaften" on 31.12 

: Offisielle flaggdager som ikke er høytidssager
"H.K.H. Prinsesse Ingrid Alexandras fødselsdag" on 21.1
"Samefolkets dag" on 6.2
"H.M. Kong Harald Vs fødselsdag" on 21.2
"Frigjøringsdagen 1945" on 8.5
"H.M. Dronning Sonjas fødselsdag" on 4.7
"H.K.H. Kronprins Haakon Magnus’ fødselsdag" on 20.7
"Olsokdagen" on 29.7
"H.K.H. Kronprinsesse Mette-Marits fødselsdag " on 19.8

: Andre
"Valentinsdagen" on 14.2
:"Skuddårsdagen" on 29.2
"Den internasjonale kvinnedagen" on 8.3
"Aprilsnarr" on 1.4
"Unionsoppløsningen 1905" on 7.6
"Sankthansaften" on 23.6
"Sankthansdagen" on 24.6
"Mikkelsmesse" on 29.9
"FN-dagen" on 24.10
"Allehelgensaften" on 31.10
"Allehelgensdag" on first sunday in november

