:
: Brazilian holiday file.
:
: Author: Juliano Ferraz Ravasi <dev@juliano.info>
: Version: 1 - 1 Oct 2006
:
: Released under the General Public License
:

: Feriados nacionais (Fedaral holidays)
:::

small weekend "Confraternização Universal"		on january 1
small weekend "Tiradentes"				on april 21
small weekend "Dia do Trabalho"				on may 1
small weekend "Independência do Brasil"			on september 7
small weekend "Proclamação da República"		on november 15

: Feriados e datas comemorativas religiosos (Religious holidays)
:::

small         "Reis Magos"				on january 6
small weekend "Carnaval"				on easter minus 48 days
small weekend "Carnaval"				on easter minus 47 days
small         "Cinzas"					on easter minus 46 days
small         "Paixão de Cristo"			on easter minus 2 days
small weekend "Páscoa"					on easter
small weekend "Corpus Christi"				on easter plus 60 days
small weekend "Nossa Senhora Aparecida"			on october 12
small         "Todos os Santos"				on november 1
small weekend "Finados"					on november 2
small weekend "Natal"					on december 25

: Estações do ano (Seasons)
:::

small green   "Início do Outono"			on march 22
small green   "Início do Inverno"			on june 22
small green   "Início da Primavera"			on september 22
small green   "Início do Verão"				on december 22

: Datas comemorativas mundiais (International commemmorative dates)
:::

:small         "Dia Mundial da Religião"			on january 21
small         "Dia Internacional da Mulher"		on march 8
:small         "Dia Mundial do Consumidor"		on march 15
:small         "Dia Internacional Contra a Discriminação Racial"	on march 21
:small         "Dia Mundial da Água"			on march 22
:small         "Dia Internacional do Livro Infantil"	on april 2
small         "Dia Mundial da Saúde"			on april 7
small         "Dia Mundial de Combate ao Câncer"	on april 8
:small         "Dia Internacional do Café"		on april 14
:small         "Dia Mundial do Desenhista"		on april 15
:small         "Dia Mundial do Escoteiro"		on april 23
:small         "Dia Internacional da Cruz Vermelha"	on may 8
:small         "Dia Mundial do Enfermeiro"		on may 12
:small         "Dia Internacional das Telecomunicações"	on may 17
:small         "Dia Mundial dos Museus"			on may 18
:small         "Dia Internacional das Crianças Vítimas de Agressão"	on june 4
:small         "Dia Mundial do Meio Ambiente"		on june 5
small         "Dia Internacional do Combate às Drogas"	on june 26
:small         "Dia Mundial da População"		on july 11
:small         "Dia Mundial da Alfabetização"		on september 8
:small         "Dia Internacional para Preservação da Camada de Ozônio"	on september 16
:small         "Dia Mundial da Alimentação"		on october 16
small         "Dia das Bruxas"				on october 31
small         "Dia Mundial de Ação de Graças"		on november 28
small         "Dia Mundial da Luta contra a AIDS"	on december 1
:small         "Dia Internacional das Pessoas Portadoras de Deficiência"	on december 3
:small         "Dia Internacional do Voluntário"		on december 5
:small         "Dia da Declaração dos Direitos do Homem"	on december 10
small         "Reveillon"				on december 31

: Outras datas comemorativas (Other commemorative dates)
:::

:small         "Dia da Criação da 1ª Tipografia"	on january 4
:small         "Dia do Fotógrafo"			on january 6
:small         "Dia da Gratidão"			on january 6
:small         "Dia da Liberdade de Culto"		on january 7
:small         "Dia do Fico"				on january 9
:small         "Dia do Farmacêutico"			on january 20
:small         "Dia do Fusca"				on january 20
:small         "Dia da Previdência Social"		on january 24
:small         "Dia do Carteiro"			on january 25
:small         "Dia da Saudade"				on january 30
:small         "Dia do Publicitário"			on february 1
:small         "Dia do Gráfico"				on february 7
:small         "Dia do Repórter"			on february 16
:small         "Dia do Esportista"			on february 19
:small         "Dia do Turismo"				on march 2
:small         "Dia do Filatelista Brasileiro"		on march 5
:small         "Dia do Fuzileiro Naval"			on march 7
:small         "Dia do Telefone"			on march 10
:small         "Dia do Bibliotecário"			on march 12
:small         "Dia da Poesia"				on march 14
:small         "Dia da Escola"				on march 15
:small         "Dia do Meteorologista"			on march 23
:small         "Dia do Circo"				on march 27
:small         "Dia do Teatro"				on march 27
:small         "Dia do Revisor e do Diagramador"	on march 28
:small         "Dia da Mentira"				on april 1
:small         "Dia do Jornalismo"			on april 7
:small         "Dia da Natação"				on april 8
:small         "Dia dos Jovens"				on april 13
:small         "Dia da Conservação do Solo"		on april 15
:small         "Dia do Índio"				on april 19
:small         "Dia do Diplomata"			on april 20
:small         "Dia do Metalúrgico"			on april 21
:small         "Dia do Planeta Terra"			on april 22
:small         "Dia da Força Aérea Brasileira"		on april 22
:small         "Dia do Contabilista"			on april 25
:small         "Dia da Empregada Doméstica"		on april 27
:small         "Dia da Educação"			on april 28
:small         "Dia do Ferroviário"			on april 30
:small         "Dia do Cartógrafo"			on may 6
:small         "Dia do Artista Plástico"		on may 8
:small         "Dia do Automóvel"			on may 13
:small         "Dia do Assistente Social"		on may 15
:small         "Dia do Gari"				on may 16
:small         "Dia da Língua Nacional"			on may 21
:small         "Dia do Apicultor"			on may 22
:small         "Dia do Vestibulando"			on may 24
:small         "Dia da Indústria"			on may 25
:small         "Dia do Profissional Liberal"		on may 27
:small         "Dia do Estatístico"			on may 29
:small         "Dia do Geógrafo"			on may 29
:small         "Dia do Geólogo"				on may 30
:small         "Dia da Imprensa"			on june 1
:small         "Dia do Porteiro"			on june 9
:small         "Dia da Língua Portuguesa"		on june 10
:small         "Dia da Marinha Brasileira"		on june 11
small         "Dia dos Namorados"			on june 12
:small         "Dia do Paleontólogo"			on june 15
:small         "Dia do Químico"				on june 18
:small         "Dia do Migrante"			on june 19
:small         "Dia da Música"				on june 21
:small         "Dia do Aeroviário"			on june 22
:small         "Dia do Imigrante"			on june 25
:small         "Dia do Metrologista"			on june 26
:small         "Dia da Telefonista"			on june 29
:small         "Dia do Pescador"			on june 29
:small         "Dia da Vacina BCG"			on july 1
:small         "Dia do Bombeiro"			on july 2
:small         "Dia do Engenheiro Florestal"		on july 12
:small         "Dia de Proteção às Florestas"		on july 17
:small         "Dia do Futebol"				on july 19
:small         "Dia da Amizade"				on july 20
:small         "Dia do Escritor"			on july 25
:small         "Dia do Agricultor"			on july 28
:small         "Dia do Advogado"			on august 11
:small         "Dia da Televisão"			on august 11
:small         "Dia do Economista"			on august 13
:small         "Dia da Informática"			on august 15
:small         "Dia da Habitação"			on august 21
:small         "Dia do Folclore"			on august 22
:small         "Dia do Soldado"				on august 25
:small         "Dia do Psicólogo"			on august 27
:small         "Dia do Nutricionista"			on august 31
:small         "Dia do Biólogo"				on september 3
:small         "Dia da Independência"			on september 7
:small         "Dia do Administrador"			on september 9
:small         "Dia do Médico Veterinário"		on september 9
:small         "Dia dos Símbolos Nacionais"		on september 18
:small         "Dia do Idoso"				on september 21
:small         "Dia da Árvore"				on september 21
:small         "Dia do Rádio"				on september 25
:small         "Dia do Trânsito"			on september 25
:small         "Dia da Secretária"			on september 30
:small         "Dia dos Animais"			on october 4
:small         "Dia da Promulgação da Atual Constituição Brasileira"	on october 5
:small         "Dia da Pessoa Portadora de Deficiência Física"	on october 11
small         "Dia da Criança"				on october 12
:small         "Dia do Agrônomo"			on october 12
:small         "Dia do Fisioterapeuta"			on october 13
:small         "Dia da Pecuária"			on october 14
:small         "Dia do Professor"			on october 15
:small         "Dia do Médico"				on october 18
:small         "Dia do Aviador"				on october 23
:small         "Dia da ONU"				on october 24
:small         "Dia da Democracia"			on october 25
:small         "Dia do Dentista"			on october 25
:small         "Dia do Funcionário Público"		on october 28
:small         "Dia do Livro"				on october 29
:small         "Dia do Comércio"			on october 30
:small         "Dia do Cinema Brasileiro"		on november 5
:small         "Dia da Bandeira"			on november 19
:small         "Dia da Consciência Negra"		on november 20
:small         "Dia do Teólogo"				on november 30
:small         "Dia da Reforma Agrária"			on november 30
:small         "Dia da Astronomia"			on december 2
:small         "Dia do Orientador Educacional"		on december 4
:small         "Dia da Família"				on december 8
:small         "Dia do Fonoaudiólogo"			on december 9
:small         "Dia do Engenheiro"			on december 11
:small         "Dia do Arquiteto"			on december 11

: Datas históricas
:::

small         "Abertura dos Portos no Brasil, 1808"	on january 28
small         "Descobrimento do Brasil, 1500"		on april 22
small         "Abolição da Escravatura, 1888"		on may 13
small         "Golpe Militar, 1964"			on march 31
small         "Chegada do Homem à Lua, 1969"		on june 20
small         "Descobrimento da América, 1492"		on october 12

: Datas comemorativas de estados e cidades
:::

:small         "Aniversário de Belém"			on january 12
:small         "Aniversário da Cidade de São Paulo"	on january 25
:small         "Aniversário de Macapá"			on february 4
:small         "Aniversário da Cidade do Rio de Janeiro"	on march 1
:small         "Aniversário de Recife"			on march 12
:small         "Aniversário de Aracaju"			on march 17
:small         "Aniversário de Florianópolis"		on march 23
:small         "Aniversário de Porto Alegre"		on march 26
:small         "Aniversário de Curitiba"		on march 29
:small         "Aniversário de Cuiabá"			on april 8
:small         "Aniversário de Fortaleza"		on april 12
:small         "Aniversário de Brasília"		on april 21
:small         "Aniversário de Palmas"			on may 20
:small         "Aniversário de Boa Vista"		on june 9
:small         "Aniversário de Teresina"		on august 16
:small         "Aniversário de Campo Grande"		on august 26
:small         "Aniversário de Vitória"			on september 8
:small         "Aniversário de São Luís"		on september 8
:small         "Aniversário de Maceió"			on december 5
:small         "Aniversário de Belo Horizonte"		on december 12
:small         "Aniversário de Rio Branco"		on december 28

: Datas comerciais
:::

small         "Dia das Mães"				on second sunday in may
small         "Dia dos Pais"				on second sunday in august
