::
:: Country:  Poland
::
:: Language: Polish
::
:: Author:   Krzysztof P. Jasiutowicz <kpjas@promail.pl>
::
:: Updated:
::
:: Source:
::

:: Metadata
country     "PL"
language    "pl"
:name        "optional - defaults to country name"
:description "(please add description in source language) National holiday file for Poland"

:: Public Holidays
"Nowy Rok"               weekend on january 1
"Wielkanoc"              weekend on easter length 2 days
"Lany Poniedziałek"      weekend on easter plus 1 day
"Zielone Świątki"        weekend on easter plus 49 days
"Boże Ciało"             weekend on easter plus 60 days
"Święto Pracy"           weekend on may 1
"Święto Konstytucji"     weekend on may 3
"Wniebowzięcie NMP"      weekend on august 15
"Wszystkich Świętych"    weekend on november 1
"Święto Niepodległości"  weekend on november 11
"Boże Narodzenie"        weekend on december 25 length 2 days

:: Religious
"Śledzik"                on easter minus 47 days
"Popielec"               on easter minus 46 days
"Wielki Piątek"          on easter minus  2 days
"Niedziela Palmowa"      on easter minus 7 days

:: Financial

:: Cultural
"Walentynki"             on february 14

:: School

:: Daylight Saving

:: Seasons
"Początek wiosny"        on march 21
"Początek lata"          on june 22
"Początek jesieni"       on september 23
"Początek zimy"          on december 22

:: Name Days


:: To be sorted
"Trzech Króli"           on january 6
"Dzień Babci"            on january 21
"Dzień Dziadka"          on january 22
"Dzień Kobiet"           on march 8
"Dzień Flagi"            on may 2
"Dzień Matki"            on may 26
"Dzień Dziecka"          on june 1
"Dzień Ojca"             on june 23
"Zaduszki"               on november 2
"Andrzejki"              on november 30
"Św. Mikołaj"            on december 6
"Wigilia"                on december 24
"Sylwester"              on december 31
