::
:: Country:  Denmark
::
:: Language: Danish
::
:: Author:
::
:: Updated:
::
:: Source:
::

:: Metadata
country     "DK"
language    "da"
:name        "optional - defaults to country name"
:description "(please add description in source language) National holiday file for Denmark"

:: Public Holidays
"Nytårsdag"                            weekend on january 1
"Fastelavn"                            weekend on easter minus 49 days
"Palme søndag"                         weekend on easter minus 7 days
"Skærtorsdag"                          weekend on easter minus 3 days
"Langfredag"                           weekend on easter minus 2 days
"Påskedag"                             weekend on easter
"2. Påskedag"                          weekend on easter plus 1 day
"Store bededag"                        weekend on easter plus 26 days
"Kristi himmelfart"                    weekend on easter plus 39 days
"Pinsedag"                             weekend on easter plus 49 days
"2. Pinsedag"                          weekend on easter plus 50 days
"Grundlovsdag/Fars dag"                weekend on june 5
"1. Advent"                            weekend on sunday before december 24 minus 21 days
"2. Advent"                            weekend on sunday before december 24 minus 14 days
"3. Advent"                            weekend on sunday before december 24 minus 7 days
"4. Advent"                            weekend on sunday before december 24
"Juleaftensdag"                        weekend on december 24
"Juledag"                              weekend on december 25
"2. Juledag"                           weekend on december 26

:: Religious
"Hellig tre Konger"                    on january 6
"Kyndelmisse"                          on february 2
"Skt. Hans dag"                        on june 24
"Mortensdag"                           on november 11

:: Financial

:: Cultural
"Mors dag"                             on second sunday in may
:: Nationale mærkedage
"Kampen ved Myslunde 1864"             on february 2
"Stormen på København 1659"            on february 11
"Slaget på Reden 1801"                 on april 2
"Danmarks Besættelse 1940"             on april 9
"Slaget ved Dybbøl 1864"               on april 18
"Danmarks befrielse 1945"              on may 5
"Kampen ved Helgoland 1864"            on may 9
"Europadagen"                          on may 9
"Valdemarsdag/Genforeningsdagen 1920"  on june 15
"Slaget i Køge Bugt"                   on june 1
"Slaget ved Fredericia 1849"           on july 6
"Slaget ved Isted 1850"                on july 25
"Stormen på Frederiksstad 1850"        on october 4
"FN-dag"                               on october 24
:: Royale fødselsdage
"Kronprinsesse Mary"                   on february 5
"Prinsesse Marie"                      on february 6
"Dronning Margrete II"                 on april 16
"Prinsesse Isabella"                   on april 21
"Prinsesse Benedikte"                  on april 29
"Kronprins Frederik"                   on may 26
"Prins Joachim"                        on june 7
"Prins Henrik"                         on june 11
"Prins Felix"                          on july 22
"Prins Nikolai"                        on august 28
"Prins Christian"                      on october 15

:: School

:: Daylight Saving
"Sommertid begynder"                   on last sunday in march
"Sommertid ender"                      on last sunday in october

:: Seasons

:: Name Days
