::
:: Country:  Canada, Quebec
::
:: Language: French
::
:: Author:   Gildas Perrot <perrot@grbb.polymtl.ca>
::
:: Updated:
::
:: Source:
::

:: Public Holidays
"Jour de l'An"                        weekend on january 1
"Vendredi Saint"                      weekend on easter minus 2 days
"Paques"                              weekend on easter
"Lundi de Paques"                     weekend on easter plus 1 day
"Jour de la Reine (Fete de Dollard)"  weekend on monday before may 24
"Fete de la Confederation"            weekend on july 1
"Jour du Travail"                     weekend on first monday in september
"Action de Graces"                    weekend on second monday in october
"Jour du Souvenir (Armistice 1918)"   weekend on november 11
"Noel"                                weekend on december 25

:: Religious Holidays

:: Financial

:: Cultural
"St Valentin"                         on february 14
"Fetes des Meres"                     on second sunday in may
"Fetes des Peres"                     on third sunday in june
"St-Jean Baptiste"                    on june 24

:: School

:: Daylight Saving

:: Seasons

:: Name Days
