::
:: Country:  Norway
::
:: Language: Norwegian Bokmål
::
:: Author:   <geiri@stud.cs.uit.no>
::           Karl Ove Hufthammer <karl@huftis.org>
:: Updated:
::
:: Source:
::

:: Metadata
country     "NO"
language    "nb"
:name        "optional - defaults to country name"
:description "(please add description in source language) National holiday file for Norway"

:: Public Holidays
"Nyttårsdag"                                     weekend on january 1
"Palmesøndag"                                    weekend on easter minus 7
"Skjærtorsdag"                                   weekend on easter minus 3
"Langfredag"                                     weekend on easter minus 2
"Første påskedag"                                weekend on easter
"Andre påskedag"                                 weekend on easter plus 1
"Arbeidernes internasjonale kampdag"             weekend on may 1
"Grunnlovsdagen"                                 weekend on may 17
"Kristi himmelfartsdag"                          weekend on easter plus 39 days
"Første pinsedag"                                weekend on easter plus 49 days
"Andre pinsedag"                                 weekend on easter plus 50 days
"Første juledag"                                 weekend on december 25
"Andre juledag"                                  weekend on december 26

:: Religious
:: Påske og pinse
"Fastelavnssøndag"                               on easter minus 49
"Fetetirsdag"                                    on easter minus 47
"Askeonsdag"                                     on easter minus 46
"Påskeaften"                                     on easter minus 1
"Pinseaften"                                     on easter plus 48 days
"Bots- og bededag"                               on last sunday in october
:: Jul
"Første søndag i advent"                         on sunday before 24.12 minus 21 days
"Andre søndag i advent"                          on sunday before 24.12 minus 14 days
"Tredje søndag i advent"                         on sunday before 24.12 minus 7 days
"Fjerde søndag i advent"                         on sunday before 24.12
"Luciadagen"                                     on 13.12
"Lille julaften"                                 on 23.12
"Julaften"                                       on 24.12

:: Financial

:: Cultural
:: Mors- og farsdag
"Morsdag"                                        on second sunday in february
"Farsdag"                                        on second sunday in november
:: Offisielle flaggdager som ikke er høytidssager
"H.K.H. Prinsesse Ingrid Alexandras fødselsdag"  on january 21
"Samefolkets dag"                                on february 6
"H.M. Kong Harald Vs fødselsdag"                 on february 21
"Frigjøringsdagen 1945"                          on may 8
"H.M. Dronning Sonjas fødselsdag"                on july 4
"H.K.H. Kronprins Haakon Magnus’ fødselsdag"     on july 20
"Olsokdagen"                                     on july 29
"H.K.H. Kronprinsesse Mette-Marits fødselsdag"  on august 19
:: Nyttår
"Nyttårsaften" on 31.12
:: Andre
"Valentinsdagen"                                 on february 14
:: Original version was "on 29.2" but appears every year in error due to no validity checking
:: Re-enable when new parser which has noop ability
::"Skuddårsdagen"                                  on ((leapyear year) ? [2/29] : noop)
"Den internasjonale kvinnedagen"                 on march 8
"Aprilsnarr"                                     on april 1
"Unionsoppløsningen 1905"                        on june 7
"Sankthansaften"                                 on june 23
"Sankthansdagen"                                 on june 24
"Mikkelsmesse"                                   on september 29
"FN-dagen"                                       on october 24
"Allehelgensaften"                               on october 31
"Allehelgensdag"                                 on first sunday in november

:: School

:: Daylight Saving

:: Seasons
"Sommertid starter"                              on last sunday in march
"Vintertid starter"                              on last sunday in october

:: Name Days



