::
:: Country:  Turkey
::
:: Language: Turkish
::
:: Author:   Gökçen Eraslan  <gokcen.eraslan@gmail.com>
::           Zeki Bildirici  <kobzeci@gmail.com>
::           Anıl Özbek      <ozbekanil@gmail.com>
::           Hasan Kıran     <sunder67@hotmail.com>
::           Volkan Gezer    <volkangezer@gmail.com>
::           Ömer Fadıl Usta <omerusta@gmail.com>
::
:: Updated:  2017-05-20
::
:: Source:   http://www.mevzuat.gov.tr/MevzuatMetin/1.5.2429.pdf (for public holidays) and
:: http://www2.diyanet.gov.tr/DinHizmetleriGenelMudurlugu/Sayfalar/2017DiniG%C3%BCnlerListesi.aspx
:: (for religious holidays)

:: Metadata
country     "TR"
language    "tr"
name        "Türkiye"
description "Türkiye'nin ulusal tatilleri"

:: Public Holidays
"Yeni Yıl Tatili"                                  public on january 1
"Ulusal Egemenlik ve Çocuk Bayramı"                public on april 23
"Emek ve Dayanışma Günü"                           public on may 1
"Atatürk'ü Anma, Gençlik ve Spor Bayramı"          public on may 19
"Demokrasi ve Millî Birlik Günü"                   public on july 15
"Zafer Bayramı"                                    public on august 30
"Cumhuriyet Bayramı"                               public on october 29

:: Religious

"Ramazan Bayramı"                                  public religious on hijri shawwal 1 length 3
"Kurban Bayramı"                                   public religious on hijri thualhijjah 10 length 4

"Kadir Gecesi"                                     religious on hijri ramadan 26

"Mevlid Kandili"                                   religious on hijri rabialawal 12

"Regaib Kandili"                                   religious on hijri first thursday in rajab

"Aşure Günü"                                       religious on hijri muharram 10

"Mirac Kandili"                                    religious on hijri rajab 26

"Berat Kandili"                                    religious on hijri shaban 14

:: Financial

:: Cultural
"Dünya Kanser Günü"                                cultural on february 4
"Sevgililer Günü"                                  cultural on february 14
"Sivil Savunma Günü"                               cultural on february 28
"Deprem Haftası Başlangıcı"                        cultural on march 1
"Dünya Kadınlar Günü"                              cultural on march 8
"Tıp Bayramı"                                      cultural on march 14
"Şehitler Günü"                                    cultural on march 18
"Çanakkale Zaferi"                                 cultural on march 18
"Nevruz Bayramı"                                   cultural on march 21
"Dünya Tiyatrolar Günü"                            cultural on march 27
"Dünya Sağlık Günü"                                cultural on april 7
"Hıdrellez"                                        cultural on may 6
"Anneler Günü"                                     cultural on second sunday in may
"Etik Günü"                                        cultural on may 25
"İstanbul'un Fethi"                                cultural on may 29
"Dünya Çevre Günü"                                 cultural on june 5
"Dünya Gönüllü Kan Bağışçıları Günü"               cultural on june 14
"Babalar Günü"                                     cultural on third sunday in june
"Kabotaj ve Deniz Bayramı"                         cultural on july 1
"Dünya Barış Günü"                                 cultural on september 1
"Gaziler Günü"                                     cultural on september 19
"Türk Dil Bayramı"                                 cultural on september 26
"Dünya Kalp Günü"                                  cultural on last sunday in september
"Dünya Hayvanları Koruma Günü"                     cultural on october 4
"Atatürk'ü Anma Günü ve Atatürk Haftası"           cultural on november 10
"Çocuk Hakları Günü"                               cultural on november 20
"Öğretmenler Günü"                                 cultural on november 24
"Kadına Yönelik Şiddete Karşı Mücadele Günü"       cultural on november 25
"Dünya AIDS Günü"                                  cultural on december 1
"Dünya Özürlüler Günü"                             cultural on december 3
"Dünya İnsan Hakları Günü"                         cultural on december 10

:: School

:: Daylight Saving

:: Seasons
"İlkbahar Başlangıcı"                              seasonal on march 21
"Yaz Başlangıcı"                                   seasonal on june 21
"Sonbahar Başlangıcı"                              seasonal on september 23
"Kış Başlangıcı"                                   seasonal on december 21

"Birinci Cemrenin (Havaya) Düşüşü"                 seasonal on november 8 plus 105 days
"İkinci Cemrenin (Suya) Düşüşü"                    seasonal on november 8 plus 112 days
"Üçüncü Cemrenin (Toprağa) Düşüşü"                 seasonal on november 8 plus 119 days

:: Name Days
