::
:: Country:  Belgium
::
:: Language: Dutch
::
:: Author:   Guido van Rossum, CWI, Amsterdam <Guido.van.Rossum@cwi.nl>
::           Danny Backx <u27113@kb.be>
::           Jean Cayron <jean.cayron@gmail.com>
::
:: Updated:
::
:: Source:
::

:: Metadata
country     "BE"
language    "nl"
:name        "optional - defaults to country name"
:description "(please add description in source language) National holiday file for Belgium"

:: Public Holidays
"Nieuwjaar"                         weekend on january 1
"Pasen - Feestdag"                  weekend on easter
"Paasmaandag"                       weekend on easter plus 1 day
"Feest van de Arbeid"               weekend on may 1
"Hemelvaart"                        weekend on easter plus 39 days
"Pinksteren"                        weekend on easter plus 49 days length 2 days
"Nationale feestdag"                weekend on july 21
"OLV Hemelvaart"                    weekend on august 15
"Allerheiligen"                     weekend on november 1
"Wapenstilstand"                    weekend on november 11
"Kerstmis"                          weekend on december 25

:: Religious
"Driekoningen"                      on january 6
"Vastenavond"                       on easter minus 47 days
"Aswoensdag"                        on easter minus 46 days
"Palmzondag"                        on easter minus 7 days
"Witte Donderdag"                   on easter minus 3 days
"Goede Vrijdag"                     on easter minus 2 days
"Sinterklaas"                       on december 06

:: Financial

:: Cultural
"Moederdag"                         on every second sunday in may
"Vaderdag"                          on every second sunday in june
"Vlaamse Gemeenschap feestdag"      on july 11
"Franse Gemeenschap feestdag"       on september 27
"Waalse feesten"                    on every third sunday in september
"Duitstalige Gemeenschap feestdag"  on november 15

:: School

:: Daylight Saving

:: Seasons

:: Name Days


:: To be sorted
"Lichtmis"                          on february 2
"Allerzielen"                       on november 2
"Tweede kerstdag"                   on december 26
"Oudjaar"                           on december 31
