::
:: Country:  UK, Northern Ireland
::
:: Language: UK English
::
:: Author:   John Layt <john@layt.net>
::
:: Updated:  2010-05-27
::
:: Source:   http://en.wikipedia.org/wiki/Public_holidays_in_the_United_Kingdom
::           http://www.direct.gov.uk/en/governmentcitizensandrights/livingintheuk/dg_073741
::           http://www.nidirect.gov.uk/index/government-citizens-and-rights/living-in-northern-ireland/bank-holidays.htm
::

:: Metadata
country     "UK-NIR"
language    "en_GB"
:name        "optional - defaults to country name"
description "National holiday file for Northern Ireland"

:: Public Holidays
"New Years Day"                             weekend on january 1
"St Patrick's Day"                          weekend on march 17
"Good Friday"                               weekend on easter minus 2
"Easter Monday"                             weekend on easter plus 1
"Early May Bank Holiday"                    weekend on first monday in may
"Spring Bank Holiday"                       weekend on last monday in may
"Battle of the Boyne (Orangemen's Day)"     weekend on july 12
"Summer Bank Holiday"                       weekend on last monday in august
"Christmas Day"                             weekend on december 25
"Boxing Day"                                weekend on december 26

:: Religious

:: Financial

:: Cultural

:: School

:: Daylight Saving
"British Summer Time starts"                on last sunday in march
"British Summer Time ends"                  on last sunday in october

:: Seasons

:: Name Days
