::
:: Country:  Iceland
::
:: Language: Icelandic
::
:: Author:   Thorarinn R. Einarsson <thori@mindspring.com>
::
:: Updated:  1999-02-03
::
:: Source:
::

:: Metadata
country     "IS"
language    "is"
:name        "optional - defaults to country name"
:description "(please add description in source language) National holiday file for Iceland"

:: Public Holidays
"Nýjársdagur"                  weekend on january 1
"Skírdagur"                    weekend on easter minus 3 days
"Föstudagurinn langi"          weekend on easter minus 2 days
"Annar í Páskum"               weekend on easter plus 1 day
"Uppstigningardagur"           weekend on easter plus 40 days
"Hvítasunna"                   weekend on easter plus 49 days
"Sumardagurinn fyrsti"         weekend on thursday after april 18
"Frídagur verkamanna"          weekend on may 1
"Lýðveldisdagurinn"            weekend on june 17
"Frídagur verslunarmanna"      weekend on monday after july 31
"Fullveldisdagurinn"           weekend on december 1
"Aðfangadagur"                 weekend on december 24
"Jóladagur"                    weekend on december 25
"Annar í jólum"                weekend on december 26
"Gamlársdagur"                 weekend on december 31

:: Religious
"Pálmasunnudagur"              on easter minus 7 days
"Páskadagur"                   on easter
"Bolludagur"                   on easter minus 48 days
"Sprengidagur"                 on easter minus 47 days
"Öskudagur"                    on easter minus 46 days
"Trinity"                      on easter plus 46 day
"Corpus Christi"               on easter plus 53 days
"1. í Aðventu"                 on sunday before december 24 minus 21
"2. í Aðventu"                 on sunday before december 24 minus 14
"3. í Aðventu"                 on sunday before december 24 minus 7
"4. í Aðventu"                 on sunday before december 24
"Þorláksmessa"                 on december 23

:: Financial

:: Cultural
"Valentínusardagur"            on february 14
"St. Patrick dagur"            on march 17
"Sjómannadagurinn"             on sunday after may 31
"Jónsmessa"                    on june 24
"Hundadagar byrja"             on july 13
"Hundadagar enda"              on august 23
"Alþjóðlegi ljóðadagurinn"     on october 15
"Dagur Sameinuðu Þjóðanna"     on october 24
"Halloween"                    on october 31
"Þakkargjörðardagurinn (BNA)"  on fourth thursday in november
"Wright bræðra dagur"          on december 17

:: School

:: Daylight Saving

:: Seasons
"Vorjafndægur"                 on march 22
"Sumar sólstöður"              on june 22
"Haustjafndægur"               on september 22
"Vetrarsólstöður"              on december 22

:: Name Days
