::
:: Country:  Italy, South Tyrol
::
:: Language: German
::
:: Author:   Roland Reiterer <roland_reiterer2001@gmx.net>
::
:: Updated:
::
:: Source:
::

:: Metadata
country     "IT-BZ"
language    "de"
:name        "optional - defaults to country name"
:description "(please add description in source language) Regional holiday file for South Tyrol"

:: Public Holidays
"Neujahr"               weekend on january 1
"Hl. 3 Könige"          weekend on january 6
"Ostersonntag"          weekend on easter
"Ostermontag"           weekend on easter plus 1 day
"Tag der Freiheit"      weekend on april 25
"Tag der Arbeit"        weekend on may 1
"Maria Himmelfahrt"     weekend on august 15
"Allerheiligen"         weekend on november 1
"Maria Empfängnis"      weekend on december 8
"Christtag"             weekend on december 25
"Stephanstag"           weekend on december 26

:: Religious
"Hl. Joseph"            on march 19
"Unnsinger Donnerstag"  on easter minus 52 days
"Faschingsdienstag"     on easter minus 47 days
"Aschermittwoch"        on easter minus 46 days
"Pfingstsonntag"        on easter plus 49 days
"Pfingstmontag"         on easter plus 50 days
"Christi Himmelfahrt"   on easter plus 39 days
"Hl. Peter und Paul"    on june 29
"Hl. Franziskus"        on october 4
"Allerseelen"           on november 2
"Silvester"             on december 31

:: Financial

:: Cultural
"Tag der Frau"          on march 8
"Vatertag"              on march 19
"Muttertag"             on second sunday in may
"Tag der Republik"      on june 2
"Nationalfeiertag"      on november 4

:: School

:: Daylight Saving

:: Seasons

:: Name Days



