::
:: Country:  Japan
::
:: Author:   Toyohiro Asukai <toyohiro@ksmplus.com>
::           Jumpei Ogawa <phanective@gmail.com>
::           Firas Kraiem <firas@fkraiem.org>
::
:: Language: English
::
:: Updated:  2025-12-29
::
:: Source:   https://www8.cao.go.jp/chosei/shukujitsu/gaiyou.html
::           https://www.nao.ac.jp/faq/a0301.html
::
:: Note:     On each Februaries, Vernal and Autumnal Equinox Days of next year are announced by government.
::           Currently Equinox Days on and after 2022 are expected dates and may be changed.
::

:: Metadata
country     "JP"
language    "en_US"
:name        "optional - defaults to country name"
description "National holiday file for Japan"

:: Public Holidays
"New Year's Day"                   public on january 1
"Coming of Age Day"                public on second monday in january
"National Foundation Day"          public on february 11

:: Equinox Days on and after 2022 are expected dates. See notes above.
"Vernal Equinox Day"               public on march 20 2000
"Vernal Equinox Day"               public on march 20 2001
"Vernal Equinox Day"               public on march 21 2002
"Vernal Equinox Day"               public on march 21 2003
"Vernal Equinox Day"               public on march 20 2004
"Vernal Equinox Day"               public on march 20 2005
"Vernal Equinox Day"               public on march 21 2006
"Vernal Equinox Day"               public on march 21 2007
"Vernal Equinox Day"               public on march 20 2008
"Vernal Equinox Day"               public on march 20 2009
"Vernal Equinox Day"               public on march 21 2010
"Vernal Equinox Day"               public on march 21 2011
"Vernal Equinox Day"               public on march 20 2012
"Vernal Equinox Day"               public on march 20 2013
"Vernal Equinox Day"               public on march 21 2014
"Vernal Equinox Day"               public on march 21 2015
"Vernal Equinox Day"               public on march 20 2016
"Vernal Equinox Day"               public on march 20 2017
"Vernal Equinox Day"               public on march 21 2018
"Vernal Equinox Day"               public on march 21 2019
"Vernal Equinox Day"               public on march 20 2020
"Vernal Equinox Day"               public on march 20 2021
"Vernal Equinox Day"               public on march 21 2022
"Vernal Equinox Day"               public on march 21 2023
"Vernal Equinox Day"               public on march 20 2024
"Vernal Equinox Day"               public on march 20 2025
"Vernal Equinox Day"               public on march 20 2026
"Vernal Equinox Day"               public on march 21 2027
"Vernal Equinox Day"               public on march 20 2028
"Vernal Equinox Day"               public on march 20 2029
"Vernal Equinox Day"               public on march 20 2030

"Showa Day"                        public on april 29
"Constitution Day"                 public on may 3
"Greenery Day"                     public on may 4
"Children's Day"                   public on may 5
"Oceans' Day"                      public on ((year != 2020 && year != 2021) ? [third monday in july] : noop)
"Mountain Day"                     public on ((year != 2020 && year != 2021) ? [august 11] : noop)
"Respect for Senior Citizens Day"  public on third monday in september

:: Equinox Days on and after 2022 are expected dates. See notes above.
"Autumnal Equinox Day"             public on september 23 2000
"Autumnal Equinox Day"             public on september 23 2001
"Autumnal Equinox Day"             public on september 23 2002
"Autumnal Equinox Day"             public on september 23 2003
"Autumnal Equinox Day"             public on september 23 2004
"Autumnal Equinox Day"             public on september 23 2005
"Autumnal Equinox Day"             public on september 23 2006
"Autumnal Equinox Day"             public on september 23 2007
"Autumnal Equinox Day"             public on september 23 2008
"Autumnal Equinox Day"             public on september 23 2009
"Autumnal Equinox Day"             public on september 23 2010
"Autumnal Equinox Day"             public on september 23 2011
"Autumnal Equinox Day"             public on september 22 2012
"Autumnal Equinox Day"             public on september 23 2013
"Autumnal Equinox Day"             public on september 23 2014
"Autumnal Equinox Day"             public on september 23 2015
"Autumnal Equinox Day"             public on september 22 2016
"Autumnal Equinox Day"             public on september 23 2017
"Autumnal Equinox Day"             public on september 23 2018
"Autumnal Equinox Day"             public on september 23 2019
"Autumnal Equinox Day"             public on september 22 2020
"Autumnal Equinox Day"             public on september 23 2021
"Autumnal Equinox Day"             public on september 23 2022
"Autumnal Equinox Day"             public on september 23 2023
"Autumnal Equinox Day"             public on september 22 2024
"Autumnal Equinox Day"             public on september 23 2025
"Autumnal Equinox Day"             public on september 23 2026
"Autumnal Equinox Day"             public on september 23 2027
"Autumnal Equinox Day"             public on september 22 2028
"Autumnal Equinox Day"             public on september 23 2029
"Autumnal Equinox Day"             public on september 23 2030

"Sports Day"                       public on ((year != 2020 && year != 2021) ? [second monday in october] : noop)
"Culture Day"                      public on november 3
"Labor Thanksgiving Day"           public on november 23
"The Emperor's Birthday"           public on ((year < 2019) ? [december 23] : ((year > 2019) ? [february 23] : noop))

:: If a "Public Holiday" is on a Sunday, the first following day which
:: is not a "Public Holiday" shall be a substitute holiday. If a day
:: which is not a "Public Holiday" is between two "Public Holidays",
:: it shall be a holiday. Those holidays are not legally "Public
:: Holidays" (so in particular not for the purpose of determining such
:: holidays), but they are identical in practice.
"Holiday"                public on march 21 2005
"Holiday"                public on january 2 2006
"Holiday"                public on february 12 2007
"Holiday"                public on april 30 2007
"Holiday"                public on september 24 2007
"Holiday"                public on december 24 2007
"Holiday"                public on november 24 2008
"Holiday"                public on march 22 2010
"Holiday"                public on january 2 2012
"Holiday"                public on april 30 2012
"Holiday"                public on december 24 2012
"Holiday"                public on may 6 2013
"Holiday"                public on november 4 2013
"Holiday"                public on may 6 2014
"Holiday"                public on november 24 2014
"Holiday"                public on may 6 2015
"Holiday"                public on september 22 2015
"Holiday"                public on march 21 2016
"Holiday"                public on january 2 2017
"Holiday"                public on february 12 2018
"Holiday"                public on april 30 2018
"Holiday"                public on september 24 2018
"Holiday"                public on december 24 2018
"Holiday"                public on may 6 2019
"Holiday"                public on august 12 2019
"Holiday"                public on november 4 2019
"Holiday"                public on february 24 2020
"Holiday"                public on may 6 2020
"Holiday"                public on august 9 2021
"Holiday"                public on january 2 2023
"Holiday"                public on february 12 2024
"Holiday"                public on may 6 2024
"Holiday"                public on august 12 2024
"Holiday"                public on september 23 2024
"Holiday"                public on november 4 2024
"Holiday"                public on february 24 2025
"Holiday"                public on may 6 2025
"Holiday"                public on november 24 2025
"Holiday"                public on may 6 2026
"Holiday"                public on september 22 2026

:: 2019 Japanese imperial transition special arrangements
"Holiday"                public on april 30 2019
"Holiday"                public on may 1 2019
"Holiday"                public on may 2 2019
"Holiday"                public on october 22 2019

:: 2020 Tokyo Olympics special arrangements
"Oceans' Day"                      public on july 23 2020
"Oceans' Day"                      public on july 22 2021
"Mountain Day"                     public on august 10 2020
"Mountain Day"                     public on august 8 2021
"Sports Day"                       public on july 24 2020
"Sports Day"                       public on july 23 2021

:: Religious

:: Financial

:: Cultural

:: School

:: Daylight Saving

:: Seasons

:: Name Days
